<?xml version="1.0" encoding="utf-8"?>
<Deck xmlns:xsd="http://www.w3.org/2001/XMLSchema" xmlns:xsi="http://www.w3.org/2001/XMLSchema-instance">
  <NetDeckID>0</NetDeckID>
  <PreconstructedDeckID>0</PreconstructedDeckID>
  <CardStack>
    <Cards CatID="46429" Quantity="4" Sideboard="false" Name="Izzet Staticaster" />
    <Cards CatID="50280" Quantity="1" Sideboard="false" Name="Island" />
    <Cards CatID="49307" Quantity="1" Sideboard="false" Name="Island" />
    <Cards CatID="48376" Quantity="3" Sideboard="false" Name="Izzet Guildgate" />
    <Cards CatID="49547" Quantity="1" Sideboard="false" Name="Mountain" />
    <Cards CatID="46455" Quantity="1" Sideboard="false" Name="Tablet of the Guilds" />
    <Cards CatID="46307" Quantity="1" Sideboard="false" Name="Mizzium Skin" />
    <Cards CatID="50292" Quantity="1" Sideboard="false" Name="Mountain" />
    <Cards CatID="51966" Quantity="4" Sideboard="false" Name="Temple of Epiphany" />
    <Cards CatID="46723" Quantity="2" Sideboard="false" Name="Rogue's Passage" />
    <Cards CatID="47785" Quantity="1" Sideboard="false" Name="Five-Alarm Fire" />
    <Cards CatID="51559" Quantity="3" Sideboard="false" Name="Gorgon's Head" />
    <Cards CatID="46427" Quantity="2" Sideboard="false" Name="Frostburn Weird" />
    <Cards CatID="50306" Quantity="2" Sideboard="false" Name="Thassa, God of the Sea" />
    <Cards CatID="46805" Quantity="3" Sideboard="false" Name="Steam Vents" />
    <Cards CatID="52102" Quantity="1" Sideboard="false" Name="Keranos, God of Storms" />
    <Cards CatID="49545" Quantity="2" Sideboard="false" Name="Vial of Poison" />
    <Cards CatID="50578" Quantity="1" Sideboard="false" Name="Anger of the Gods" />
    <Cards CatID="50440" Quantity="2" Sideboard="false" Name="Swan Song" />
    <Cards CatID="50420" Quantity="1" Sideboard="false" Name="Island" />
    <Cards CatID="50424" Quantity="1" Sideboard="false" Name="Swamp" />
    <Cards CatID="50208" Quantity="1" Sideboard="false" Name="Traveler's Amulet" />
    <Cards CatID="47921" Quantity="2" Sideboard="false" Name="Boros Reckoner" />
    <Cards CatID="48264" Quantity="2" Sideboard="false" Name="Master of Cruelties" />
    <Cards CatID="47539" Quantity="1" Sideboard="false" Name="Prophetic Prism" />
    <Cards CatID="46505" Quantity="1" Sideboard="false" Name="Blood Crypt" />
    <Cards CatID="50265" Quantity="1" Sideboard="false" Name="Temple of Deceit" />
    <Cards CatID="52160" Quantity="1" Sideboard="false" Name="Aspect of Gorgon" />
    <Cards CatID="48532" Quantity="1" Sideboard="false" Name="Turn/Burn" />
    <Cards CatID="46733" Quantity="1" Sideboard="false" Name="Cyclonic Rift" />
    <Cards CatID="53284" Quantity="2" Sideboard="false" Name="Shrapnel Blast" />
    <Cards CatID="52094" Quantity="1" Sideboard="false" Name="Disciple of Deceit" />
    <Cards CatID="51563" Quantity="1" Sideboard="false" Name="Temple of Malice" />
    <Cards CatID="53540" Quantity="1" Sideboard="false" Name="Altac Bloodseeker" />
    <Cards CatID="53316" Quantity="1" Sideboard="false" Name="Evolving Wilds" />
    <Cards CatID="45366" Quantity="1" Sideboard="false" Name="Evolving Wilds" />
    <Cards CatID="53628" Quantity="1" Sideboard="false" Name="Chasm Skulker" />
    <Cards CatID="49339" Quantity="2" Sideboard="false" Name="Trading Post" />
    <Cards CatID="53612" Quantity="1" Sideboard="false" Name="Nightfire Giant" />
    <Cards CatID="53610" Quantity="1" Sideboard="false" Name="Soul of Shandalar" />
    <Cards CatID="54022" Quantity="2" Sideboard="false" Name="Tormenting Voice" />
    <Cards CatID="55532" Quantity="3" Sideboard="false" Name="Swiftwater Cliffs" />
    <Cards CatID="49421" Quantity="1" Sideboard="true" Name="Mindsparker" />
    <Cards CatID="46587" Quantity="1" Sideboard="true" Name="Dispel" />
    <Cards CatID="50614" Quantity="1" Sideboard="true" Name="Gainsay" />
    <Cards CatID="47813" Quantity="3" Sideboard="true" Name="Glaring Spotlight" />
    <Cards CatID="48516" Quantity="1" Sideboard="true" Name="Armed/Dangerous" />
    <Cards CatID="46441" Quantity="1" Sideboard="true" Name="Rakdos Charm" />
    <Cards CatID="46465" Quantity="1" Sideboard="true" Name="Rakdos Keyrune" />
    <Cards CatID="49217" Quantity="1" Sideboard="true" Name="Elixir of Immortality" />
    <Cards CatID="50115" Quantity="1" Sideboard="true" Name="Bident of Thassa" />
    <Cards CatID="52094" Quantity="1" Sideboard="true" Name="Disciple of Deceit" />
    <Cards CatID="52282" Quantity="1" Sideboard="true" Name="Sigiled Starfish" />
    <Cards CatID="48198" Quantity="1" Sideboard="true" Name="Ral Zarek" />
  </CardStack>
</Deck>
