<?xml version="1.0" encoding="utf-8"?>
<Deck xmlns:xsd="http://www.w3.org/2001/XMLSchema" xmlns:xsi="http://www.w3.org/2001/XMLSchema-instance">
  <NetDeckID>0</NetDeckID>
  <PreconstructedDeckID>0</PreconstructedDeckID>
  <CardStack>
    <Cards CatID="68259" Quantity="4" Sideboard="false" Name="Departed Deckhand" />
    <Cards CatID="61332" Quantity="4" Sideboard="false" Name="Wharf Infiltrator" />
    <Cards CatID="25637" Quantity="4" Sideboard="false" Name="Wheel of Fate" />
    <Cards CatID="51797" Quantity="2" Sideboard="false" Name="Whelming Wave" />
  </CardStack>
</Deck>
